{"P1": 0.061541493982076645, "P0": 0.04933673515915871, "H": 0.33806949853897095, "CCY1": 0.01745891384780407, "ESC": 0.02207542583346367}