{"P0": 0.1264859288930893, "H": 0.1455172747373581, "CCY1": 0.05544627085328102, "I": 1.0000002248489182e-06, "ESC": 0.06665070354938507}