{"P1": 0.10833942145109177, "P0": 0.04612257704138756, "H": 0.7827845215797424, "CCY1": 0.06563123315572739, "ESC": 0.056387145072221756}