{"P0": 0.06463662534952164, "H": 0.3862150311470032, "CCY1": 0.18377834558486938, "I": 1.0000002248489182e-06, "ESC": 0.1749424934387207}