{"P0": 0.05109231919050217, "H": 1.6010617017745972, "CCY1": 0.07689239084720612, "T": 0.09212376922369003, "ESC": 0.07629039138555527}