{"P1": 0.26746419072151184, "P0": 0.08192714303731918, "H": 0.9314698576927185, "CCY1": 0.10485818237066269, "ESC": 0.10194871574640274}