{"P0": 0.027025748044252396, "H": 3.381139039993286, "CCY1": 0.08452706038951874, "ESC": 0.08347149938344955}