{"P1": 0.20336143672466278, "P0": 0.03631759434938431, "H": 1.6557632684707642, "CCY1": 0.11147499829530716, "ESC": 0.11273832619190216}