{"P0": 0.09480638056993484, "H": 0.676141083240509, "CCY1": 0.054989784955978394, "ESC": 0.0536615364253521}