{"P1": 0.09928545355796814, "P0": 0.04543774947524071, "H": 0.21197474002838135, "CCY1": 0.034588366746902466, "ESC": 0.040198929607868195}