{"P1": 0.3701237440109253, "H": 2.2598674297332764}