{"P1": 0.08065736293792725, "H": 1.4427831172943115}