{"P1": 0.03512287884950638, "H": 0.12472178041934967}