{"P0": 0.06409721076488495, "H": 0.5929355025291443, "CCY1": 0.10576608031988144, "T": 0.08761517703533173, "ESC": 0.10723105818033218}