{"P1": 0.028145018965005875, "P0": 0.00745253125205636, "H": 0.2569843828678131, "CCY1": 0.011240461841225624, "ESC": 0.011455793865025043}