{"P0": 0.1635013073682785, "H": 0.6061565279960632}