{"P0": 0.04362005367875099, "H": 0.35029131174087524, "CCY1": 0.128062441945076, "ESC": 0.1336272805929184}