{"P1": 0.11953751742839813, "P0": 0.10774119198322296, "H": 0.1592845469713211, "CCY1": 0.029084350913763046, "ESC": 0.03257346153259277}