{"P1": 0.07689404487609863, "P0": 0.07259681075811386, "H": 0.7843871712684631}