{"P0": 0.04619760811328888, "H": 2.7923200130462646, "CCY1": 0.1608022004365921, "ESC": 0.1603105664253235}