{"P0": 0.010507700964808464, "H": 0.3859640061855316, "CCY1": 0.07962699979543686, "ESC": 0.08000427484512329}