{"P0": 0.018578754737973213, "H": 0.17163600027561188}