{"P0": 0.06269065290689468, "H": 1.8631337881088257, "CCY1": 0.06633003056049347, "ESC": 0.06507612019777298}