{"P0": 0.10388310998678207, "H": 0.09134403616189957, "CCY1": 0.050167910754680634, "I": 1.0000002248489182e-06, "ESC": 0.042203210294246674}