{"P1": 0.21599633991718292, "H": 2.3350319862365723}