{"P0": 0.1521855592727661, "H": 0.2978680431842804, "CCY1": 0.020030934363603592, "ESC": 0.025707364082336426}