{"P0": 0.07725134491920471, "H": 1.243484616279602, "CCY1": 0.021407997235655785, "ESC": 0.024046121165156364}