{"P1": 0.39996594190597534, "P0": 0.8687438368797302, "H": 0.7109760642051697}