{"P0": 0.1789260059595108, "H": 2.781236171722412}