{"P1": 0.26418423652648926, "H": 0.3499833047389984}