{"P0": 0.5543577075004578, "H": 39.369136810302734, "CCY1": 0.00982451718300581, "ESC": 0.012795123271644115}